Title,Date
"Top Boy: Season 1: Bruk Up","2019-09-25"
"Wake Up: Season 1: Episode 1","2019-09-17"
"Bodyguard: Season 1: Episode 2","2019-02-27"
"Bodyguard: Season 1: Episode 1","2019-02-27"
"Black Mirror: Season 2: White Bear","2018-01-07"
"Black Mirror: Season 2: Be Right Back","2018-01-07"
"Black Mirror: Season 3: Hated in the Nation","2018-01-05"
"Black Mirror: Season 3: Men Against Fire","2018-01-04"
"Black Mirror: Season 3: San Junipero","2018-01-01"
"Black Mirror: Season 3: Shut Up and Dance","2017-12-28"
"Black Mirror: Season 3: Playtest","2017-12-28"
"Black Mirror: Season 3: Nosedive","2017-12-28"
"Cell Phone","2017-02-13"
"Shark Night","2017-02-13"
"Daylight's End","2017-02-13"
"The Hunger Games: Mockingjay - Part 2","2016-10-15"
"Fast & Furious 6","2016-06-21"
"The Matrix Revolutions","2016-01-16"
"The Golden Cane Warrior","2016-01-16"
"'71","2016-01-10"
"Last Knights","2016-01-10"
"Wildest Islands: Season 1: The Caribbean: The Wild Side of Paradise","2016-01-10"
"Fast Five","2015-12-12"
"Fist of Legend","2015-12-12"
"Face/Off","2015-12-06"
"Martial Arts of Shaolin","2015-08-04"
"The Taking of Tiger Mountain","2015-08-04"
"True Legend","2015-08-04"
"Hero","2015-08-04"
"X-Men: Days of Future Past","2015-08-03"
"Dora the Explorer: Season 4: Super Spies 2: The Swiping Machine","2015-08-03"
"Dora the Explorer: Season 4: Star Mountain","2015-08-03"
"Dora the Explorer: Season 4: Dora's Fairytale Adventure","2015-08-03"
"Dora the Explorer: Season 4: Dora's First Trip","2015-08-03"
"Dora the Explorer: Season 4: Star Catcher","2015-08-03"
"Barbie Life in the Dreamhouse: Season 1: Perf Pool Party & Trapped in the Dreamhouse","2015-08-03"
"Oz the Great and Powerful","2015-08-03"
"Wildest Arctic: Iceland: Land of Fire & Ice","2015-07-30"
"Wildest Arctic: Tundra: Desert of Ice","2015-07-29"
"Wildest Arctic: Taiga: The Frozen Forests","2015-07-29"
"Wildest Arctic: Arctic Ocean: The Frozen Sea","2015-07-27"
"Safe","2015-07-25"
"Snitch","2015-07-25"
"Penguins of Madagascar: The Movie","2015-07-24"
"Man of Steel","2015-07-20"
"Patriot Games","2015-07-20"
"Top Gun","2015-07-20"
"The Maze Runner","2015-07-13"
"The Pacifier","2015-06-30"
"Marvel's Daredevil: Season 1: Into the Ring","2015-06-14"
